,sru_alcohol,sru_cannabis,sru_cocaine,sru_methamphetamine,sru_opiates,sru_benzodiazepines,sru_oxycodone,t_Amphetamines,t_Benzodiazapines,t_Methadone,t_Oxycodone,t_Cocaine,t_Methamphetamine,t_Opiate300,t_Cannabinoids,VISIT_24,medication_1.0,total_dose_4.0,total_dose_8.0,total_dose_10.0,total_dose_12.0,total_dose_16.0,total_dose_20.0,total_dose_24.0,total_dose_28.0,total_dose_30.0,total_dose_32.0,total_dose_40.0,total_dose_60.0,total_dose_65.0,total_dose_70.0,total_dose_75.0,total_dose_85.0,total_dose_90.0,total_dose_100.0,total_dose_110.0,total_dose_120.0,admin_location_1.0
0,28.960670471191406,25.286788940429688,20.073144912719727,37.14012145996094,34.39109420776367,39.21058654785156,33.961273193359375,49.628231048583984,32.647117614746094,17.94342613220215,46.949493408203125,19.488384246826172,36.87840270996094,92.57051849365234,20.385122299194336,616.3168334960938,16.913423538208008,65.39308166503906,38.047828674316406,43.348716735839844,39.402496337890625,24.237770080566406,17.574922561645508,21.800739288330078,42.103031158447266,59.33738327026367,35.340572357177734,39.48160934448242,62.04972839355469,42.0395622253418,31.467166900634766,72.60365295410156,61.26638412475586,51.720401763916016,24.76277732849121,63.442466735839844,47.5966796875,35.835121154785156
