,sru_alcohol,sru_cannabis,sru_cocaine,sru_methamphetamine,sru_opiates,sru_benzodiazepines,sru_methadone,sru_oxycodone,t_alc,t_Amphetamines,t_Benzodiazapines,t_Methadone,t_Oxycodone,t_Cocaine,t_Methamphetamine,t_Opiate300,t_Cannabinoids,VISIT_24,medication_1.0,total_dose_4.0,total_dose_8.0,total_dose_10.0,total_dose_12.0,total_dose_14.0,total_dose_16.0,total_dose_20.0,total_dose_24.0,total_dose_28.0,total_dose_30.0,total_dose_32.0,total_dose_40.0,total_dose_55.0,total_dose_60.0,total_dose_65.0,total_dose_70.0,total_dose_75.0,total_dose_80.0,total_dose_85.0,total_dose_90.0,total_dose_100.0,total_dose_110.0,total_dose_120.0,admin_location_1.0
0,25.83061981201172,35.568031311035156,29.248146057128906,48.918663024902344,45.22988510131836,28.545669555664062,78.91351318359375,41.291744232177734,79.28705596923828,53.993595123291016,40.078060150146484,16.60016441345215,60.834110260009766,27.78373908996582,45.10334014892578,98.86250305175781,21.405954360961914,623.3864135742188,17.868309020996094,77.0003433227539,47.02988815307617,80.02336883544922,54.71963119506836,46.26826477050781,32.4814567565918,40.55300521850586,15.578558921813965,44.17380905151367,43.61457443237305,44.67481231689453,37.26753234863281,76.92127990722656,46.83159255981445,57.23860549926758,52.90040588378906,80.2297592163086,61.14759826660156,65.25428009033203,43.10356903076172,37.635929107666016,77.24043273925781,66.4382553100586,43.6937370300293
